<?xml version="1.0" encoding="utf-8"?>
<extension type="file" version="3.0" method="upgrade">
	<name>Cobalt - IP to Country Database</name>
	<author>MintJoomla</author>
	<creationDate>March 2012</creationDate>
	<copyright>(c) 2005-2012 MintJoomla</copyright>
	<license>GPL GNU</license>
	<authorEmail>support@mintjoomla.com</authorEmail>
	<authorUrl>http://www.mintjoomla.com</authorUrl>
	<version>8.0</version>
	<description><![CDATA[ <h2>This is the IP to Country Database for Cobalt 8</h2> 
	<p>This enable flag image and country detection for articles, commnts, votes, ...</p>
	]]></description>
	
    <install>
        <sql>
            <file driver="mysql" charset="utf8">../../../components/com_cobalt/sql/update.utf8.v.ip2c.sql</file>
            <file driver="mysqli" charset="utf8">../../../components/com_cobalt/sql/update.utf8.v.ip2c.sql</file>
            <file driver="mysql">../../../components/com_cobalt/sql/update.utf8.v.ip2c.sql</file>
            <file driver="mysqli">../../../components/com_cobalt/sql/update.utf8.v.ip2c.sql</file>
        </sql>
    </install>

	<fileset>
		<files folder="admin" target="administrator/components/com_cobalt">
			<filename>sql/update.utf8.v.ip2c.sql</filename>
			<folder>images</folder>
			<folder>sql</folder>
		</files>
	</fileset>

</extension>