<?xml version="1.0" encoding="utf-8"?>
<extension version="1.0" type="plugin" group="api" method="upgrade">
    <name>ApiX - webservices</name>
    <version>1.0</version>
    <creationDate>December 2014</creationDate>
    <author>Tibco UX</author>
    <authorEmail></authorEmail>
    <authorUrl></authorUrl>
    <copyright></copyright>
    <license></license>
    <description>This plugin exposes users to the APIX API</description>
	

    <files>
        <filename plugin="webservices">webservices.php</filename>
        <folder>apis</folder>
		<folder>login</folder>
		<folder>operations</folder>
		<folder>organizations</folder>
		<folder>plans</folder>
		<folder>products</folder>
		<folder>subscriptions</folder>
		<folder>applications</folder>
		<folder>environments</folder>
		<folder>members</folder>
		<folder>requests</folder>
    </files>
</extension>
