<?xml version="1.0" encoding="utf-8"?>
<extension type="component" version="3.0" method="upgrade">
    <name>com_seeddata</name>
    <creationDate>2014-06-04</creationDate>
    <version>1.0.0</version>
    <description>Seeddata</description>
    <scriptfile>install.php</scriptfile>
    <administration>
        <files folder="admin">
            <filename>controller.php</filename>
            <filename>index.html</filename>
            <filename>seeddata.php</filename>
            <folder>controllers</folder>
            <folder>db</folder>
            <folder>models</folder>
            <folder>views</folder>
        </files>
    </administration>
</extension>
